{"min": [-0.305397, -1.02821, -0.117252], "max": [0.295829, 0.947616, 0.077958]}