{"min": [-0.203609, -0.317098, -0.832607], "max": [0.198767, 0.34271, 0.971412]}