{"min": [-0.260511, -0.214057, -0.963296], "max": [0.265, 0.318578, 0.976477]}