{"min": [-0.292021, -0.818009, -0.272129], "max": [0.29198, 0.998236, 0.285396]}