{"min": [-0.325689, -0.076818, -1.003261], "max": [0.317894, 0.077671, 0.929976]}