{"min": [-0.252124, -0.656227, -0.376914], "max": [0.261447, 0.99417, 0.489112]}