{"min": [-0.227864, -0.091359, -0.990777], "max": [0.48999, 0.088633, 0.935459]}