{"min": [-0.227008, -0.080308, -1.000002], "max": [0.24875, 0.078278, 0.823739]}