{"min": [-0.555805, -0.635644, -0.562036], "max": [0.578935, 0.661201, 0.641728]}