{
    "Phone/103251/mobility.urdf": [
        1.8530300156682749,
        0.7378119988268663,
        0.11067612410678061
    ],
    "Phone/103813/mobility.urdf": [
        1.964030969938924,
        1.0077500232073624,
        0.1069751217816837
    ],
    "Phone/103828/mobility.urdf": [
        1.823103962515342,
        0.9155520182595185,
        0.26869015039750443
    ],
    "Phone/103892/mobility.urdf": [
        1.7754079628847443,
        1.0155170191191092,
        0.1743450964764608
    ],
    "Phone/103916/mobility.urdf": [
        1.8944250342456304,
        0.9910870191661375,
        0.2973531527714657
    ],
    "Phone/103927/mobility.urdf": [
        1.8258600131361458,
        1.0260019757842707,
        0.11539514326985761
    ],
    "Remote/100269/mobility.urdf": [
        1.9838260358991349,
        0.6092260128679066,
        0.20321014132384935
    ],
    "Remote/100270/mobility.urdf": [
        1.932370003389027,
        0.2761580162512395,
        0.23783408573177053
    ],
    "Remote/100392/mobility.urdf": [
        1.8257340078985091,
        0.8501150196229867,
        0.10042712642950871
    ],
    "Remote/100394/mobility.urdf": [
        1.8842460439067241,
        0.6681610271792826,
        0.16452809374696764
    ],
    "Remote/100405/mobility.urdf": [
        1.0358710264575797,
        1.7564320539844358,
        0.2569501467659985
    ],
    "Remote/100809/mobility.urdf": [
        1.9077230036014268,
        0.5019280105584871,
        0.19697310639331578
    ],
    "Remote/100819/mobility.urdf": [
        1.909184030442457,
        0.6147600330402722,
        0.16374708773888605
    ],
    "Remote/100997/mobility.urdf": [
        1.971144016842613,
        0.5147230289981525,
        0.2523530571008154
    ],
    "Remote/101034/mobility.urdf": [
        1.8095080159096957,
        0.9035890005021388,
        0.12084314851830556
    ],
    "StaplerFlat/103095/mobility.urdf": [
        1.9202210144996648,
        0.6162580089569101,
        0.5967989997863778
    ],
    "StaplerFlat/103104/mobility.urdf": [
        1.8740640120506291,
        0.4106030004024514,
        0.44634899365902025
    ],
    "StaplerFlat/103271/mobility.urdf": [
        1.9359859662055972,
        0.35266698765754784,
        0.5305590169429787
    ],
    "StaplerFlat/103273/mobility.urdf": [
        1.8120189743041994,
        0.41037601101398546,
        0.6678079800605783
    ],
    "StaplerFlat/103280/mobility.urdf": [
        1.9467730231285096,
        0.5315109965801248,
        0.5396350033283243
    ],
    "StaplerFlat/103292/mobility.urdf": [
        0.4644500004053126,
        1.8794450001716616,
        0.6246669726371767
    ],
    "StaplerFlat/103297/mobility.urdf": [
        1.9499040083885195,
        0.6003019945621499,
        0.6214549975395212
    ],
    "StaplerFlat/103792/mobility.urdf": [
        1.9679159955978396,
        0.3787419931888589,
        0.4848899977207192
    ],
    "Stapler/102990/mobility.urdf": [
        1.7557959990501406,
        0.37099000680446703,
        0.8283409910202033
    ],
    "Stapler/103099/mobility.urdf": [
        1.7456570105552676,
        0.34174999463558275,
        0.8329549865722664
    ],
    "USBFlat/100085/mobility.urdf": [
        1.8862500028610234,
        0.4554599957466134,
        0.19243199992179955
    ],
    "USBFlat/100073/mobility.urdf": [
        2.051080018997193,
        0.4406969981193549,
        0.10903100165724823
    ],
    "USBFlat/100095/mobility.urdf": [
        1.8307410187721251,
        0.48375800120830614,
        0.1665859954357155
    ],
    "USBFlat/100071/mobility.urdf": [
        1.9558029479980468,
        0.46178699898719844,
        0.0894939998090273
    ],
    "USBFlat/101950/mobility.urdf": [
        1.9058379964828496,
        0.6912090020179756,
        0.3316249983310707
    ],
    "USBFlat/102063/mobility.urdf": [
        1.8614610271453864,
        0.5813790099620826,
        0.21673499661684104
    ],
    "Bowl/7000/mobility.urdf": [
        0.21396900242567063,
        0.21446399664878846,
        0.07911099767684937
    ],
    "Bowl/7001/mobility.urdf": [
        0.16358299827575684,
        0.16395299410820008,
        0.06139799854159356
    ],
    "Bowl/7002/mobility.urdf": [
        0.16720100021362305,
        0.1672050011754036,
        0.07578200003504754
    ],
    "Bowl/7003/mobility.urdf": [
        0.16595199978351594,
        0.16595199978351594,
        0.07523900172114373
    ],
    "Bowl/7004/mobility.urdf": [
        0.16358299827575684,
        0.16395299410820008,
        0.06139799854159356
    ],
    "Cup/7004/mobility.urdf": [
        0.038893998548388486,
        0.038894000411033636,
        0.08595999976992608
    ],
    "Cup/7005/mobility.urdf": [
        0.035927999712526804,
        0.03592899995297194,
        0.0787510005235672
    ],
    "Cup/7006/mobility.urdf": [
        0.04816700047254563,
        0.04816700047254563,
        0.0971879986524582
    ],
    "Cup/7007/mobility.urdf": [
        0.04100299900770188,
        0.041004001110792165,
        0.08169700106978417
    ],
    "Mug/7008/mobility.urdf": [
        0.13718699938058854,
        0.11525200209021569,
        0.1257980046272278
    ],
    "Mug/7009/mobility.urdf": [
        0.08713199844956399,
        0.07356599992513657,
        0.08008799976110459
    ],
    "Mug/7010/mobility.urdf": [
        0.12382200261950493,
        0.08409599861502648,
        0.10854300013184548
    ],
    "Mug/7011/mobility.urdf": [
        0.09532499960064889,
        0.06520699983835221,
        0.08373499935865403
    ]
}