{"min": [-0.46793, -0.192699, -0.865851], "max": [0.476664, 0.154016, 0.273904]}