{"min": [-0.877387, -0.036065, -0.754219], "max": [0.519001, 0.03225, 0.817401]}