{"min": [-0.183398, -0.907335, -0.340722], "max": [0.191426, 0.994271, 0.331462]}