{"min": [-0.376791, -0.062567, -0.972627], "max": [0.505861, 0.041012, 0.946805]}