{"min": [-0.928016, -0.042827, -0.706918], "max": [0.477441, 0.033944, 0.670165]}