{"min": [-0.893809, -0.522856, -0.129073], "max": [0.854623, 0.505015, 0.119877]}