{"min": [-0.176047, -0.038991, -0.82342], "max": [0.650686, 0.046709, 0.923211]}