{"min": [-0.79078, -0.539836, -0.53143], "max": [0.821807, 0.588975, 0.861107]}