{"min": [-0.950923, -0.363968, -0.653929], "max": [0.831152, 0.456632, 0.650725]}