{"min": [-0.303673, -0.226098, -0.940334], "max": [0.304585, 0.362701, 0.971887]}