{"min": [-0.686902, -0.313755, -0.491354], "max": [0.49298, 0.464886, 0.818796]}