{"min": [-0.327973, -0.964591, -0.072327], "max": [0.332188, 0.911655, 0.084201]}