{"min": [-0.702329, -0.088335, -0.913354], "max": [0.381903, 0.085547, 0.903665]}