{"min": [-0.397613, -0.855454, -0.501959], "max": [0.395984, 0.988818, 0.506559]}