{"min": [-0.292317, -0.104301, -0.85059], "max": [0.281062, 0.104434, 1.002871]}