{"min": [-0.212675, -0.046007, -1.039631], "max": [0.220532, 0.055024, 1.004449]}