{"min": [-0.275021, -0.664619, -0.273605], "max": [0.276476, 0.99559, 0.277893]}