{"min": [-0.905433, -0.261371, -0.233321], "max": [0.966012, 0.355296, 0.223129]}