{"min": [-0.480252, -0.042247, -0.696283], "max": [0.474586, 0.039716, 0.998312]}