{"min": [-0.619219, -0.755807, -0.61641], "max": [0.611891, 0.875198, 0.6147]}