{"min": [-0.88187, -0.57233, -0.348001], "max": [0.883847, 0.588185, 0.796981]}