{"min": [-0.525867, -0.663026, -0.561199], "max": [0.55201, 0.680695, 0.67454]}