{"min": [-0.971688, -0.028571, -0.629762], "max": [0.655559, 0.038739, 0.576362]}