{"min": [-0.555729, -0.088672, -0.822925], "max": [0.717931, 0.095512, 1.015883]}