{"min": [-0.451686, -0.909816, -0.050631], "max": [0.443903, 0.891692, 0.062212]}