{"min": [-0.927531, -0.027671, -0.637832], "max": [0.570876, 0.038401, 0.608036]}