{"min": [-0.408229, -0.631046, -0.407193], "max": [0.417933, 0.98397, 0.399189]}