{"min": [-0.333479, -0.15504, -0.99519], "max": [0.34973, 0.168585, 0.902648]}