{"min": [-0.354479, -0.531428, -0.378789], "max": [0.356207, 0.996659, 0.331896]}