{"min": [-0.127297, -0.929996, -0.153553], "max": [0.140861, 0.994374, 0.076281]}