{"min": [-0.330116, -0.584059, -0.338902], "max": [0.347341, 0.994392, 0.338555]}