{"min": [-0.219021, -0.268146, -1.006042], "max": [0.228819, 0.460558, 0.874413]}