{"min": [-0.358274, -0.100007, -0.954452], "max": [0.372338, 0.077356, 0.817425]}