{"min": [-0.306623, -0.946053, -0.071148], "max": [0.300137, 0.955131, 0.085599]}