{"min": [-0.352351, -0.959547, -0.051389], "max": [0.377461, 0.885483, 0.051287]}