{"min": [-0.465415, -0.164592, -0.912703], "max": [0.853976, 0.169061, 0.792145]}