{"min": [-1.013579, -0.034338, -0.441674], "max": [0.556458, 0.032935, 0.484273]}