{"min": [-0.594269, -0.128233, -0.83406], "max": [0.535174, 0.126207, 1.006323]}