{"min": [-0.392757, -0.861733, -0.253107], "max": [0.395037, 0.983954, 0.251081]}