{"min": [-0.496897, -0.867745, -0.08824], "max": [0.51062, 0.899663, 0.078105]}