{"min": [-0.206192, -0.162397, -0.677927], "max": [0.213863, 0.989188, 0.722123]}