{"min": [-0.271484, -0.606589, -0.364028], "max": [0.275299, 1.060684, 0.376044]}