{"min": [-0.36724, -0.689262, -0.3667], "max": [0.355693, 0.996999, 0.431626]}