{"min": [-0.67793, -0.484444, -0.261899], "max": [0.730195, 0.660479, 0.689174]}