{"min": [-0.514969, -0.758384, -0.482893], "max": [0.52154, 0.722344, 0.472177]}