{"min": [-0.559875, -0.216675, -0.849571], "max": [0.500181, 0.183018, 0.166108]}