{"min": [-0.532993, -0.226226, -0.890667], "max": [0.570519, 0.224135, 0.196329]}