{"min": [-0.232036, -0.040874, -1.004751], "max": [0.221751, 0.04062, 0.944052]}