{"min": [-0.296852, -0.216748, -0.962957], "max": [0.29545, 0.396707, 0.978947]}