{"min": [-0.254904, -0.995304, -0.140013], "max": [0.251819, 0.96784, 0.10434]}