{"min": [-0.495533, -0.980504, -0.045862], "max": [0.504217, 0.975527, 0.054113]}