{"min": [-0.384083, -0.07529, -0.948629], "max": [0.920612, 0.052562, 0.966659]}