{"min": [-0.421833, -0.915029, -0.04542], "max": [0.420282, 0.902705, 0.047007]}