{"min": [-0.488395, -0.985816, -0.182763], "max": [0.494692, 0.900609, 0.10659]}