{"min": [-0.500587, -0.917632, -0.053242], "max": [0.517415, 0.900228, 0.054153]}