{"min": [-0.29304, -0.091999, -0.889274], "max": [0.277963, 0.093452, 0.999943]}