{"min": [-0.445863, -0.897679, -0.13143], "max": [0.461689, 0.917425, 0.12926]}