{"min": [-0.886417, -0.151335, -0.942055], "max": [0.591777, 0.143358, 0.741393]}