{"min": [-1.047421, -0.085693, -0.354994], "max": [0.803187, 0.087237, 0.371861]}