{"min": [-0.41628, -0.74254, -0.529905], "max": [0.444294, 0.684803, 0.84463]}