{"min": [-0.633547, -0.38568, -0.732908], "max": [0.674626, 0.597363, 0.918596]}