{"min": [-0.675681, -0.068989, -0.716732], "max": [0.839184, 0.085707, 0.80513]}