{"min": [-0.898681, -0.535822, -0.282294], "max": [0.887961, 0.621431, 0.252629]}