{"min": [-0.233716, -0.094805, -1.005502], "max": [0.213744, 0.089627, 0.872748]}